Truth id,Truth size,Detected id,Detected size,Recall,Truth left,intersect,Detected left
1,7693,7,440,0.057195,7253,440,0
2,6029,40,491,0.081440,5538,491,0
3,104,50,3,0.028846,101,3,0
4,189,1,351,0.000000,189,0,351
5,1089,65,59,0.054178,1030,59,0
6,18,76,3,0.166667,15,3,0
Weighted Average,0.065864
Average,0.064721
