Truth id,Truth size,Detected id,Detected size,Recall,intersect
1,7693,7,440,0.057195,440
2,6029,40,491,0.081440,491
3,104,50,3,0.028846,3
4,189,1,351,0.000000,0
5,1089,65,59,0.054178,59
6,18,76,3,0.166667,3
Weighted Average,0.065864
Average,0.064721
